Transverse speed (mm/min),Tool rotational speed (rpm),?%
45,540,20.0403
54,540,13.8006
63,540,11.3805
45,720,17.6121
54,720,15.5322
63,720,14.6115
45,900,19.1088
54,900,16.4205
63,900,14.9022
54,900,6.21
54,900,6.57
81,720,3.78
81,1080,5.22
27,1080,6.48
81,720,4.5
54,900,5.58
54,900,6.12
54,720,4.5
27,720,4.32
81,900,4.05
81,1080,5.67
72,1080,5.85
27,1080,5.76
27,720,4.05
54,900,4.95
27,900,5.76
54,900,5.85
54,900,6.57
54,900,6.3
