Transverse speed (mm/min),Tool rotational speed (rpm),"YS
(MPa)"
45,540,85.5
54,540,80.1
63,540,81.9
45,720,73.8
54,720,82.8
63,720,84.6
45,900,73.8
54,900,86.4
63,900,85.5
54,900,116.1
54,900,117
81,720,112.5
81,1080,122.4
27,1080,160.2
81,720,117
54,900,130.5
54,900,131.4
54,720,117
27,720,109.8
81,900,109.8
81,1080,138.6
72,1080,143.1
27,1080,135.9
27,720,127.8
54,900,135.9
27,900,146.7
54,900,143.1
54,900,121.5
54,900,117
